Płeć,Wiek,Wykształcenie,Średnie Zarobki,Czas Początkowy Podróży,Czas Końcowy Podróży,Cel Podróży
Mężczyzna,40.0,Średnie,6636.65,12:24,,Inne
Mężczyzna,54.0,Wyższe,3691.03,22:15,01:25,Praca
Mężczyzna,64.0,Podstawowe,5705.75,15:21,00:07,Rozrywka
Kobieta,25.0,Podstawowe,3920.14,14:37,01:02,Praca
Mężczyzna,60.0,Wyższe,5981.13,08:00,10:21,Rozrywka
Kobieta,30.0,Wyższe,8606.42,16:07,18:46,Rozrywka
Mężczyzna,55.0,Podstawowe,7004.86,06:36,15:42,Inne
Mężczyzna,54.0,Podstawowe,13532.69,16:05,18:38,Edukacja
Mężczyzna,64.0,Podstawowe,3245.6,07:47,11:53,Inne
Kobieta,29.0,Średnie,7447.3,23:04,06:26,Zakupy
Mężczyzna,36.0,Średnie,7750.93,13:35,13:47,Inne
Mężczyzna,37.0,Podstawowe,5140.97,09:09,11:16,Edukacja
Mężczyzna,58.0,Podstawowe,12146.36,20:40,03:12,Rozrywka
Mężczyzna,42.0,Średnie,10731.61,07:52,10:45,Praca
Kobieta,27.0,Podstawowe,7629.8,21:25,01:07,Praca
Mężczyzna,55.0,Podstawowe,9329.46,09:49,19:39,Zakupy
Mężczyzna,21.0,Podstawowe,10867.4,05:42,14:35,Rozrywka
Mężczyzna,69.0,Podstawowe,13118.02,17:16,03:24,Zakupy
Mężczyzna,45.0,Średnie,8921.95,22:36,08:58,Inne
Kobieta,,,,,23:10,
Kobieta,29.0,Wyższe,8356.71,06:29,07:17,Inne
Mężczyzna,61.0,Wyższe,4915.55,17:40,02:10,Praca
Kobieta,33.0,Wyższe,8153.6,15:51,19:54,Inne
Mężczyzna,31.0,Średnie,7127.75,09:26,12:40,Rozrywka
Mężczyzna,54.0,Podstawowe,4293.44,07:23,09:05,Zakupy
Mężczyzna,52.0,,12848.86,11:04,18:37,Zakupy
Kobieta,22.0,Wyższe,8021.11,08:17,14:06,Edukacja
Kobieta,51.0,Wyższe,8910.51,10:01,10:19,Praca
Kobieta,18.0,Podstawowe,9072.6,18:27,21:22,Zakupy
Kobieta,57.0,Średnie,6064.65,20:02,03:26,Edukacja
Mężczyzna,55.0,Wyższe,9196.44,21:51,04:50,Inne
Mężczyzna,66.0,Średnie,8590.14,13:22,15:31,Rozrywka
Mężczyzna,19.0,Wyższe,11905.35,07:10,10:45,Edukacja
Mężczyzna,55.0,Podstawowe,9633.16,16:23,20:47,Inne
Kobieta,46.0,Wyższe,4364.52,17:25,23:09,Inne
Kobieta,52.0,Średnie,9258.06,07:27,18:34,Edukacja
Kobieta,57.0,Podstawowe,14971.41,11:53,20:07,Praca
Mężczyzna,30.0,Średnie,4794.56,21:59,07:08,Rozrywka
Mężczyzna,66.0,Podstawowe,3705.66,07:43,07:07,Praca
Mężczyzna,65.0,Średnie,14582.41,22:36,01:02,Rozrywka
Mężczyzna,45.0,Wyższe,12823.91,22:15,08:15,Zakupy
Mężczyzna,,Wyższe,,,,
,,,6898.22,,,Rozrywka
Kobieta,29.0,Podstawowe,5252.97,17:10,01:05,Edukacja
Kobieta,69.0,Podstawowe,14728.34,13:06,20:29,Inne
,39.0,Podstawowe,13141.61,15:28,17:34,Zakupy
Mężczyzna,25.0,Wyższe,8201.68,16:08,02:35,Inne
Mężczyzna,35.0,Podstawowe,4155.59,17:02,00:36,Praca
Mężczyzna,55.0,Podstawowe,4135.42,19:27,22:28,Praca
Kobieta,32.0,Wyższe,9984.99,06:48,10:40,Rozrywka
Mężczyzna,54.0,Wyższe,4092.81,15:46,02:38,Zakupy
Mężczyzna,60.0,Podstawowe,11017.82,12:11,12:57,Rozrywka
Mężczyzna,30.0,Wyższe,14193.07,14:18,18:48,Praca
Kobieta,18.0,Wyższe,9567.54,21:54,03:30,Praca
Kobieta,53.0,Wyższe,11625.75,15:01,20:16,Praca
Kobieta,61.0,Podstawowe,14296.44,10:12,17:59,Praca
Mężczyzna,70.0,Podstawowe,11087.19,17:02,17:26,Rozrywka
Mężczyzna,22.0,Podstawowe,9001.07,05:36,13:52,Zakupy
Mężczyzna,60.0,Średnie,14516.43,20:33,06:37,Inne
Kobieta,46.0,Średnie,9015.76,09:40,15:30,Inne
Mężczyzna,27.0,Podstawowe,3383.07,07:21,16:09,Zakupy
Kobieta,24.0,Wyższe,14923.59,16:34,16:17,Inne
Mężczyzna,66.0,Podstawowe,13019.16,16:58,16:42,Inne
Kobieta,54.0,Wyższe,13794.33,17:28,18:42,Praca
Kobieta,46.0,Wyższe,14774.08,06:38,14:04,
Mężczyzna,60.0,Średnie,8686.14,19:08,06:19,Edukacja
Mężczyzna,60.0,Podstawowe,5115.25,21:15,02:46,Edukacja
Mężczyzna,23.0,Wyższe,11290.74,06:13,16:53,Inne
Kobieta,43.0,Średnie,12524.02,15:29,23:13,Rozrywka
Kobieta,22.0,Wyższe,12695.2,14:54,22:52,Praca
Kobieta,,,,,,Praca
Kobieta,40.0,Podstawowe,7976.02,06:16,11:30,Zakupy
Kobieta,38.0,Podstawowe,10443.76,18:41,18:26,Praca
Kobieta,34.0,Średnie,10982.91,14:15,21:35,Rozrywka
Mężczyzna,67.0,Wyższe,12242.31,09:16,18:05,Zakupy
Kobieta,64.0,Wyższe,4452.61,07:11,07:01,Zakupy
Kobieta,25.0,Podstawowe,9676.95,15:45,16:52,Praca
Kobieta,70.0,Średnie,5128.4,,14:44,Edukacja
Kobieta,45.0,Średnie,4501.75,10:13,15:00,Zakupy
Mężczyzna,40.0,Podstawowe,12916.65,07:44,16:34,Zakupy
Kobieta,51.0,Średnie,11983.15,12:51,20:53,Inne
Kobieta,29.0,Wyższe,10200.71,19:32,01:23,Zakupy
Mężczyzna,23.0,Podstawowe,9925.29,23:36,02:20,Inne
Mężczyzna,23.0,Podstawowe,5629.34,16:04,02:44,Edukacja
Kobieta,22.0,Średnie,8899.3,11:06,17:35,Zakupy
Mężczyzna,38.0,Wyższe,8401.63,10:06,15:18,Edukacja
Kobieta,31.0,Średnie,4415.57,20:02,05:46,Praca
Mężczyzna,38.0,Wyższe,4435.25,14:01,23:39,Rozrywka
Mężczyzna,57.0,Podstawowe,7174.2,12:59,23:42,Inne
Mężczyzna,57.0,Podstawowe,6651.81,08:45,13:24,Inne
Kobieta,43.0,Wyższe,9480.0,16:43,01:17,Edukacja
Kobieta,33.0,Średnie,3813.23,10:09,23:59,Inne
Mężczyzna,45.0,Wyższe,4850.87,08:01,17:08,Rozrywka
,29.0,Średnie,6215.2,23:18,04:20,Inne
Kobieta,67.0,Podstawowe,11598.87,20:09,03:28,Praca
Mężczyzna,69.0,Wyższe,6975.81,17:57,00:18,Edukacja
Kobieta,29.0,Podstawowe,14605.07,05:57,11:18,Rozrywka
Mężczyzna,51.0,Podstawowe,7921.14,23:59,05:21,Zakupy
Mężczyzna,29.0,Podstawowe,5342.32,12:59,23:57,Inne
Kobieta,57.0,Wyższe,7687.09,11:29,18:01,Zakupy
Mężczyzna,51.0,Średnie,7836.59,14:21,00:09,Praca
Kobieta,32.0,Podstawowe,4559.51,20:39,02:30,Zakupy
Mężczyzna,61.0,Średnie,12891.35,13:30,00:52,Edukacja
Kobieta,46.0,Średnie,13816.27,07:53,18:32,Zakupy
Kobieta,,,,,,Edukacja
Kobieta,23.0,Wyższe,5455.25,09:58,13:15,Inne
Mężczyzna,61.0,Podstawowe,14006.43,13:23,00:11,Edukacja
Mężczyzna,50.0,Wyższe,5475.77,23:39,05:52,Inne
Mężczyzna,49.0,Wyższe,12192.86,10:37,11:42,Inne
Mężczyzna,69.0,Średnie,14855.31,10:02,12:29,Praca
Mężczyzna,53.0,Wyższe,11950.44,20:31,00:55,Edukacja
Kobieta,28.0,Wyższe,13027.33,13:55,20:31,Edukacja
Mężczyzna,39.0,Średnie,14854.51,10:19,21:27,Edukacja
Mężczyzna,60.0,Podstawowe,4361.87,20:20,23:41,Inne
Kobieta,60.0,Wyższe,4620.78,18:34,23:59,Zakupy
Mężczyzna,54.0,Średnie,4156.07,12:20,,Edukacja
Mężczyzna,60.0,Średnie,14829.98,14:08,16:34,Zakupy
Mężczyzna,67.0,Wyższe,8341.59,18:21,22:44,Zakupy
Mężczyzna,55.0,Średnie,13964.51,19:22,06:22,Praca
Mężczyzna,27.0,Podstawowe,13407.5,14:04,18:37,Zakupy
Kobieta,61.0,Podstawowe,13446.9,06:52,11:30,Rozrywka
Kobieta,40.0,Podstawowe,5333.41,06:04,13:27,Zakupy
Kobieta,40.0,Podstawowe,11333.62,13:19,22:10,Zakupy
Kobieta,20.0,Średnie,12585.3,20:38,07:56,Praca
Kobieta,19.0,Podstawowe,3720.67,11:48,12:57,Rozrywka
,,Podstawowe,,21:07,,
Kobieta,41.0,Podstawowe,4915.54,20:33,23:49,Zakupy
Kobieta,68.0,Średnie,14772.5,05:53,15:16,Zakupy
Mężczyzna,64.0,Wyższe,3809.67,18:29,00:06,Edukacja
Mężczyzna,47.0,Średnie,7960.49,22:26,02:02,Zakupy
Mężczyzna,19.0,Średnie,12396.96,16:15,18:45,Edukacja
Mężczyzna,66.0,Podstawowe,12698.74,06:09,11:04,Inne
Kobieta,41.0,Wyższe,7696.67,13:40,18:49,Zakupy
Mężczyzna,42.0,Wyższe,14418.57,21:40,22:02,Praca
Mężczyzna,34.0,Średnie,9283.37,17:49,18:57,Inne
Mężczyzna,44.0,Średnie,5881.12,13:15,18:40,Inne
Mężczyzna,,,9432.89,,,
Mężczyzna,31.0,Średnie,12397.8,19:35,04:24,Edukacja
Mężczyzna,58.0,Podstawowe,4764.7,07:22,12:08,Zakupy
Kobieta,65.0,Wyższe,14019.4,08:28,13:12,Zakupy
Mężczyzna,46.0,Wyższe,9150.46,20:29,02:27,Praca
Kobieta,28.0,Średnie,9716.27,21:42,01:29,
Kobieta,70.0,Średnie,6883.04,19:51,06:36,Inne
Mężczyzna,33.0,Podstawowe,6414.22,06:08,12:43,Edukacja
Kobieta,36.0,Wyższe,13062.08,17:18,20:10,Rozrywka
Kobieta,59.0,Wyższe,9312.06,14:34,18:55,Rozrywka
Kobieta,22.0,Podstawowe,14792.43,16:34,03:36,Edukacja
Kobieta,40.0,Podstawowe,12899.89,19:20,20:33,Edukacja
Mężczyzna,52.0,Wyższe,12194.12,13:48,18:56,Praca
Kobieta,61.0,Średnie,12641.3,19:35,06:38,Inne
Kobieta,43.0,Wyższe,13936.4,16:02,16:19,Zakupy
Mężczyzna,65.0,Wyższe,13394.88,08:56,09:37,Rozrywka
Mężczyzna,30.0,Wyższe,11925.76,22:40,08:00,Zakupy
Mężczyzna,54.0,Średnie,9149.44,08:43,14:01,Rozrywka
,69.0,Średnie,,,,
Mężczyzna,36.0,Średnie,14398.71,23:11,01:15,Edukacja
Kobieta,49.0,Podstawowe,10557.1,11:16,12:54,Rozrywka
Mężczyzna,60.0,Podstawowe,3590.16,17:45,23:33,Zakupy
Kobieta,54.0,Wyższe,9702.42,06:08,16:50,Zakupy
Kobieta,55.0,,4591.25,22:01,08:31,Inne
Kobieta,33.0,Podstawowe,12774.06,19:53,04:56,Zakupy
Kobieta,55.0,Wyższe,3715.91,06:58,09:06,Edukacja
Kobieta,30.0,Podstawowe,9147.28,09:30,17:18,Zakupy
Mężczyzna,30.0,Wyższe,13000.86,13:01,15:02,Praca
Mężczyzna,52.0,Podstawowe,14840.06,05:13,09:16,Praca
Mężczyzna,29.0,Podstawowe,7297.67,13:31,21:17,Zakupy
Kobieta,43.0,Wyższe,12624.33,05:43,15:15,Rozrywka
Kobieta,68.0,Podstawowe,4027.94,22:43,23:00,Praca
Mężczyzna,45.0,Średnie,7497.2,07:20,12:25,Rozrywka
Mężczyzna,66.0,Podstawowe,14435.06,07:21,10:28,Inne
Kobieta,39.0,Średnie,13172.23,17:37,00:20,Inne
Mężczyzna,19.0,Średnie,13628.02,13:24,14:41,Rozrywka
Kobieta,51.0,Średnie,6194.09,06:19,17:31,Zakupy
Mężczyzna,40.0,Podstawowe,13284.54,14:34,00:09,Praca
Kobieta,52.0,Średnie,4581.95,07:04,12:15,Rozrywka
Kobieta,35.0,Podstawowe,9097.44,06:23,09:41,Inne
Kobieta,50.0,Podstawowe,8229.24,21:33,06:44,Zakupy
Mężczyzna,52.0,Wyższe,11042.22,18:36,22:35,Rozrywka
Mężczyzna,46.0,Wyższe,,15:14,18:37,Zakupy
Kobieta,68.0,Średnie,10679.28,,20:20,Praca
Kobieta,52.0,Średnie,4707.89,08:56,15:51,Inne
Mężczyzna,,Średnie,10109.98,21:53,08:24,Rozrywka
Kobieta,31.0,Podstawowe,10695.64,09:36,14:47,Rozrywka
Kobieta,33.0,Podstawowe,6359.21,,17:24,Rozrywka
Kobieta,65.0,Średnie,10444.75,21:18,03:34,Rozrywka
Kobieta,61.0,Podstawowe,3092.93,14:36,00:07,Rozrywka
Mężczyzna,70.0,Wyższe,5367.46,13:57,16:51,Zakupy
Kobieta,24.0,Średnie,11712.44,05:33,11:40,Inne
Kobieta,67.0,Średnie,5176.94,07:17,17:12,
Mężczyzna,23.0,Wyższe,6176.75,13:37,21:04,Edukacja
Mężczyzna,66.0,Wyższe,13578.6,06:42,07:46,Praca
Kobieta,39.0,Średnie,10275.97,20:42,03:15,Rozrywka
,,Średnie,,,,Praca
Kobieta,20.0,Średnie,8783.19,05:35,11:30,Rozrywka
,61.0,,,18:12,07:19,Zakupy
Kobieta,26.0,Podstawowe,8600.09,10:27,20:18,Praca
Mężczyzna,50.0,Średnie,13829.37,08:54,13:49,Praca
Mężczyzna,39.0,Podstawowe,9445.36,21:13,05:12,Zakupy
Mężczyzna,20.0,,14744.48,18:14,01:20,Zakupy
Mężczyzna,62.0,Podstawowe,6708.55,06:47,09:09,Rozrywka
Kobieta,69.0,Średnie,10725.65,11:49,13:01,Praca
Mężczyzna,28.0,Wyższe,3864.48,07:36,10:29,Rozrywka
Kobieta,61.0,Wyższe,7811.49,17:50,01:03,Inne
Mężczyzna,38.0,Wyższe,4573.55,18:05,02:46,Praca
Kobieta,35.0,Podstawowe,11077.94,12:32,20:02,Zakupy
Kobieta,51.0,Średnie,5958.25,17:50,23:37,Zakupy
Mężczyzna,41.0,Wyższe,6991.75,11:18,19:29,Praca
Mężczyzna,68.0,Wyższe,12786.89,16:14,19:19,Zakupy
Kobieta,27.0,Wyższe,7559.69,06:19,10:54,Praca
Kobieta,61.0,Wyższe,4209.35,10:38,14:33,Rozrywka
Mężczyzna,46.0,Średnie,11115.17,18:55,02:48,Praca
Kobieta,65.0,Podstawowe,14114.32,13:11,21:24,Inne
Mężczyzna,20.0,Podstawowe,13191.84,22:27,01:49,Edukacja
Kobieta,53.0,Średnie,13877.93,13:37,18:11,Inne
Kobieta,64.0,Podstawowe,3624.81,19:37,19:26,Inne
Mężczyzna,21.0,Podstawowe,14611.91,06:51,15:15,Zakupy
Kobieta,46.0,Wyższe,6155.93,23:48,05:52,Edukacja
Kobieta,20.0,Podstawowe,14736.88,12:46,17:37,Edukacja
Kobieta,61.0,Średnie,3613.71,09:37,18:30,Inne
Kobieta,43.0,Podstawowe,8437.83,23:09,09:50,Edukacja
Mężczyzna,59.0,Podstawowe,3857.07,15:14,19:56,Praca
Kobieta,18.0,Podstawowe,12175.99,22:41,05:58,Praca
Kobieta,67.0,Wyższe,3652.2,18:01,21:59,Inne
Mężczyzna,61.0,Średnie,13636.79,18:01,22:51,Edukacja
Kobieta,49.0,Podstawowe,3195.63,12:36,20:05,Zakupy
Mężczyzna,22.0,Średnie,13693.6,16:21,02:52,Inne
Kobieta,46.0,Podstawowe,7475.14,12:47,16:41,Rozrywka
Mężczyzna,46.0,Podstawowe,10732.36,14:58,22:22,Edukacja
Kobieta,43.0,Podstawowe,6355.79,14:54,23:23,Inne
Mężczyzna,18.0,Wyższe,5592.05,07:57,17:15,Rozrywka
Kobieta,45.0,Wyższe,3355.58,23:25,10:36,Praca
Kobieta,51.0,Średnie,8014.89,10:22,17:08,Zakupy
Mężczyzna,45.0,Średnie,11159.65,21:51,01:29,Inne
Kobieta,40.0,Wyższe,8576.74,10:33,12:05,Rozrywka
Mężczyzna,34.0,Średnie,6464.6,07:22,10:38,Praca
Kobieta,32.0,Podstawowe,3746.81,14:56,16:35,Rozrywka
Mężczyzna,26.0,Średnie,,,11:26,Zakupy
Mężczyzna,24.0,Średnie,4321.14,14:35,18:25,Zakupy
Mężczyzna,21.0,Podstawowe,8675.25,19:25,03:12,Edukacja
Mężczyzna,21.0,Średnie,8941.8,07:12,09:12,Edukacja
Kobieta,34.0,Wyższe,5141.12,18:24,03:07,Praca
Kobieta,28.0,Podstawowe,12861.35,15:29,20:04,Zakupy
Kobieta,63.0,Wyższe,10405.61,21:23,03:07,Rozrywka
Mężczyzna,60.0,Średnie,5135.19,08:33,18:09,Rozrywka
Kobieta,23.0,Wyższe,5555.02,18:57,04:04,Inne
Kobieta,64.0,Średnie,10683.06,18:57,01:01,Edukacja
Mężczyzna,23.0,Średnie,3350.44,14:17,21:28,Inne
Kobieta,53.0,Wyższe,9102.79,10:01,10:57,Edukacja
Kobieta,34.0,Wyższe,8166.0,08:05,15:36,Rozrywka
Mężczyzna,29.0,Podstawowe,10988.82,13:07,16:04,Praca
Mężczyzna,18.0,Podstawowe,12371.98,14:49,00:15,Inne
Kobieta,27.0,Średnie,5959.92,05:54,06:07,Praca
Mężczyzna,63.0,Średnie,14889.68,09:15,09:49,Praca
Mężczyzna,68.0,Średnie,4477.98,14:13,16:34,Edukacja
Mężczyzna,54.0,Podstawowe,4967.99,07:48,14:16,Edukacja
Kobieta,47.0,Średnie,4184.23,20:10,05:43,Praca
Mężczyzna,25.0,Średnie,7120.43,07:50,12:31,Rozrywka
Kobieta,37.0,,3746.89,13:09,16:42,Inne
Mężczyzna,54.0,Podstawowe,11226.83,23:33,05:19,Inne
Kobieta,26.0,Podstawowe,12319.27,22:20,00:27,Rozrywka
Kobieta,29.0,Wyższe,10385.83,17:21,01:55,Edukacja
Mężczyzna,42.0,Wyższe,7748.26,23:03,02:10,Zakupy
Kobieta,70.0,Podstawowe,3666.2,05:02,11:31,Rozrywka
Mężczyzna,70.0,Podstawowe,9455.57,23:15,02:38,Edukacja
Mężczyzna,47.0,Wyższe,8802.2,22:24,02:58,Rozrywka
Kobieta,33.0,Średnie,3924.67,07:11,14:13,Inne
Mężczyzna,51.0,Wyższe,12804.05,12:30,20:33,Rozrywka
Mężczyzna,31.0,Średnie,4781.23,22:11,02:03,Inne
Kobieta,69.0,Średnie,14966.33,05:37,15:31,Zakupy
Mężczyzna,43.0,Wyższe,10801.74,05:23,10:23,Inne
Mężczyzna,24.0,Średnie,4937.37,13:12,15:18,Rozrywka
Kobieta,54.0,Podstawowe,13302.8,13:29,13:52,Praca
Kobieta,55.0,Podstawowe,8074.15,22:48,05:28,Zakupy
Mężczyzna,53.0,Wyższe,3938.69,11:45,13:31,Inne
Kobieta,19.0,Podstawowe,7894.74,09:32,18:50,Zakupy
Mężczyzna,38.0,Wyższe,5132.79,06:40,16:55,Praca
Mężczyzna,31.0,Podstawowe,13392.75,20:06,20:18,Praca
Mężczyzna,70.0,Średnie,7818.13,21:29,07:11,Inne
Mężczyzna,26.0,Podstawowe,10618.87,06:54,08:51,Rozrywka
Mężczyzna,51.0,Średnie,13014.64,08:31,08:15,Inne
Mężczyzna,63.0,Podstawowe,12965.19,06:13,06:51,
Kobieta,30.0,Wyższe,13189.86,07:10,18:46,Inne
Mężczyzna,69.0,Średnie,13713.05,20:27,06:08,Zakupy
Kobieta,49.0,Podstawowe,5239.07,14:59,14:24,Edukacja
Kobieta,62.0,Podstawowe,14228.33,06:38,12:34,Praca
Mężczyzna,51.0,Średnie,3049.68,17:34,00:54,Praca
Mężczyzna,35.0,Podstawowe,13955.11,18:09,03:34,Praca
Mężczyzna,65.0,Średnie,9940.0,09:38,16:37,Rozrywka
Mężczyzna,53.0,Wyższe,13603.64,16:12,18:17,Inne
Mężczyzna,19.0,Podstawowe,10948.12,22:00,22:28,Rozrywka
Kobieta,65.0,Podstawowe,10514.46,14:29,15:34,Inne
Kobieta,27.0,Średnie,12576.54,17:40,04:53,Zakupy
Mężczyzna,66.0,Podstawowe,10346.1,19:09,05:51,Edukacja
Mężczyzna,46.0,Średnie,5305.16,09:27,20:21,Zakupy
Kobieta,70.0,Wyższe,14345.45,10:57,15:17,Edukacja
Mężczyzna,18.0,Średnie,5591.33,19:42,06:10,Inne
Mężczyzna,50.0,Wyższe,7155.93,06:35,06:16,Praca
,22.0,Wyższe,9769.55,10:28,18:56,Inne
Kobieta,29.0,Podstawowe,3671.43,06:44,10:05,Inne
Kobieta,29.0,Wyższe,7239.47,18:52,22:31,Praca
Kobieta,32.0,Wyższe,13851.55,07:44,08:57,Praca
Mężczyzna,18.0,Wyższe,6828.12,07:46,16:58,Inne
Mężczyzna,62.0,Wyższe,12660.72,12:27,13:03,Inne
Kobieta,57.0,Średnie,13051.09,17:58,01:24,Edukacja
Mężczyzna,54.0,Wyższe,12038.86,06:55,09:20,Inne
Kobieta,64.0,Wyższe,4111.98,11:25,20:51,Praca
Mężczyzna,32.0,Średnie,3947.73,07:18,11:19,Zakupy
Kobieta,69.0,Podstawowe,11003.05,05:41,12:56,Praca
Mężczyzna,41.0,Średnie,11139.44,07:54,16:52,Praca
Kobieta,28.0,Podstawowe,5432.82,18:45,03:15,
Mężczyzna,68.0,Średnie,6353.39,,03:37,Zakupy
Mężczyzna,67.0,Podstawowe,11844.28,16:31,22:00,Edukacja
Mężczyzna,23.0,Podstawowe,4214.29,16:13,01:26,Zakupy
Kobieta,46.0,Wyższe,13760.42,17:19,01:18,Inne
Mężczyzna,20.0,Wyższe,8049.49,07:58,07:23,Inne
Kobieta,18.0,Podstawowe,5546.09,12:57,20:01,Inne
Mężczyzna,43.0,Podstawowe,13405.78,14:02,19:50,Edukacja
Kobieta,22.0,Podstawowe,13733.61,23:07,23:15,Inne
Mężczyzna,22.0,Średnie,4423.23,11:19,22:50,Rozrywka
Kobieta,61.0,Średnie,9544.94,17:27,02:55,Inne
Mężczyzna,70.0,Średnie,5130.81,16:19,22:07,Inne
Mężczyzna,54.0,Wyższe,10234.12,16:51,02:56,Zakupy
Kobieta,66.0,Podstawowe,10490.88,22:11,06:10,Edukacja
Mężczyzna,55.0,Podstawowe,6368.33,19:23,23:27,Praca
Kobieta,35.0,Podstawowe,10478.57,21:28,23:02,Rozrywka
Kobieta,37.0,Średnie,8714.23,06:28,06:45,Inne
Kobieta,37.0,Podstawowe,9404.84,09:59,20:12,Zakupy
Kobieta,24.0,Średnie,4144.29,07:36,07:19,Praca
Kobieta,51.0,Średnie,11715.37,21:29,00:07,Inne
Mężczyzna,29.0,Wyższe,6573.59,14:32,00:37,Praca
Kobieta,41.0,Wyższe,13004.92,13:36,18:59,Zakupy
Mężczyzna,56.0,Podstawowe,11882.8,06:10,16:08,Inne
Kobieta,18.0,Średnie,9899.4,18:58,23:42,Edukacja
Mężczyzna,37.0,Wyższe,5016.99,10:07,21:08,Zakupy
Kobieta,45.0,Wyższe,4649.55,06:56,08:28,Rozrywka
Mężczyzna,60.0,Podstawowe,13645.24,13:26,14:43,Rozrywka
Kobieta,31.0,Średnie,13098.56,09:59,14:12,Praca
Kobieta,42.0,Średnie,12917.38,26:28,16:38,Edukacja
Kobieta,35.0,Średnie,3456.26,22:43,07:02,Zakupy
Kobieta,48.0,Wyższe,6934.83,13:31,14:51,Inne
Kobieta,66.0,Wyższe,11911.72,06:13,12:00,Edukacja
Mężczyzna,27.0,Średnie,9150.21,10:53,18:11,Edukacja
Mężczyzna,18.0,Średnie,11354.02,10:01,21:47,Edukacja
Kobieta,33.0,Podstawowe,14918.25,07:05,13:08,Zakupy
Mężczyzna,24.0,Wyższe,5426.41,05:18,14:34,Edukacja
Kobieta,55.0,Wyższe,14261.76,12:09,22:14,Inne
Mężczyzna,41.0,Średnie,7078.25,14:05,15:26,Praca
Mężczyzna,32.0,Podstawowe,12251.17,15:14,22:04,Praca
Mężczyzna,66.0,Wyższe,3427.07,05:54,12:43,Zakupy
Kobieta,51.0,Średnie,10826.81,20:51,07:19,Zakupy
Mężczyzna,48.0,Podstawowe,9223.98,22:15,08:21,Zakupy
Kobieta,20.0,Podstawowe,7216.59,08:15,19:13,Rozrywka
Mężczyzna,38.0,Podstawowe,7097.5,15:26,16:04,Inne
Kobieta,59.0,Podstawowe,13306.41,15:46,16:04,Praca
Mężczyzna,36.0,Średnie,8173.73,17:02,03:32,Inne
Kobieta,34.0,Podstawowe,3231.27,09:45,11:50,Zakupy
Mężczyzna,28.0,Średnie,14016.94,09:43,15:57,Praca
Mężczyzna,52.0,Wyższe,14119.14,05:43,10:02,Rozrywka
Kobieta,19.0,Podstawowe,8871.7,10:51,15:15,Zakupy
Kobieta,42.0,Wyższe,9676.57,10:19,21:22,Zakupy
Kobieta,66.0,Podstawowe,4443.17,22:14,23:26,Edukacja
Mężczyzna,27.0,Średnie,5329.89,10:38,13:03,Praca
Mężczyzna,58.0,Podstawowe,7475.48,23:39,00:39,Rozrywka
Kobieta,61.0,Średnie,6423.7,13:06,23:19,Praca
Kobieta,34.0,Średnie,11128.86,16:01,22:38,Zakupy
Mężczyzna,70.0,Średnie,13414.35,20:45,07:15,Praca
Kobieta,46.0,Wyższe,3687.19,14:52,16:29,Edukacja
Mężczyzna,63.0,Średnie,4225.8,12:55,18:13,Praca
Kobieta,61.0,Wyższe,11593.22,16:03,20:15,Zakupy
Kobieta,28.0,Podstawowe,7740.22,21:01,03:58,Praca
Kobieta,51.0,Podstawowe,11204.12,12:02,17:42,Rozrywka
Mężczyzna,48.0,Średnie,14536.81,14:00,14:39,Rozrywka
Kobieta,65.0,Podstawowe,5982.85,23:01,01:05,Edukacja
Kobieta,47.0,Podstawowe,4772.38,16:02,23:43,Zakupy
Mężczyzna,65.0,Wyższe,7408.37,08:33,18:09,Edukacja
Kobieta,27.0,Wyższe,4025.94,14:21,23:38,Praca
Kobieta,33.0,Wyższe,7331.21,20:56,21:57,Zakupy
Mężczyzna,28.0,Średnie,10864.51,05:22,12:57,Edukacja
Kobieta,63.0,Średnie,10845.58,15:49,16:24,Edukacja
Mężczyzna,54.0,Wyższe,6278.51,21:06,04:34,Edukacja
Kobieta,56.0,Wyższe,5519.57,22:53,01:06,Rozrywka
Kobieta,25.0,Średnie,8356.41,21:10,22:14,Zakupy
Kobieta,57.0,Średnie,4781.31,19:18,22:21,Inne
Mężczyzna,22.0,Średnie,9074.67,22:17,04:05,Inne
Mężczyzna,44.0,Wyższe,6824.33,19:20,06:57,Edukacja
Mężczyzna,53.0,Średnie,6689.98,18:35,03:46,Inne
Mężczyzna,66.0,Podstawowe,3920.14,13:50,00:58,Inne
Kobieta,55.0,Średnie,5025.68,06:42,13:53,Praca
Mężczyzna,59.0,Podstawowe,8264.73,12:57,22:21,Edukacja
Kobieta,41.0,Średnie,7496.31,13:20,16:17,Inne
,,,,23:31,,Rozrywka
Mężczyzna,31.0,Średnie,12395.0,20:43,21:05,Rozrywka
Mężczyzna,41.0,Średnie,13315.02,17:07,02:22,Rozrywka
Mężczyzna,36.0,Średnie,11338.86,17:03,04:24,Edukacja
Mężczyzna,56.0,Wyższe,10755.63,18:20,23:19,Praca
Mężczyzna,63.0,Wyższe,6015.89,15:31,01:26,Inne
,27.0,Średnie,7835.55,19:02,06:16,Inne
Kobieta,60.0,Wyższe,3706.58,23:10,05:39,Edukacja
Kobieta,59.0,Wyższe,10148.32,21:44,04:21,Praca
Mężczyzna,48.0,Średnie,4718.14,21:57,07:26,Rozrywka
Mężczyzna,25.0,Średnie,4321.56,16:30,20:08,Inne
Mężczyzna,31.0,Średnie,8272.06,15:42,18:23,Zakupy
Kobieta,40.0,Średnie,12511.31,11:32,13:18,Edukacja
Mężczyzna,54.0,Średnie,5568.29,09:08,17:17,Praca
Kobieta,27.0,Podstawowe,10549.36,27:38,23:37,Edukacja
Kobieta,27.0,Średnie,10164.9,14:47,21:49,Zakupy
Kobieta,56.0,Średnie,5622.95,19:29,03:22,Zakupy
Kobieta,52.0,Wyższe,12127.65,09:50,12:45,Praca
Mężczyzna,68.0,Podstawowe,8413.92,16:44,02:53,Rozrywka
Mężczyzna,49.0,Wyższe,12150.04,11:23,15:55,Inne
Mężczyzna,69.0,Średnie,13434.72,21:49,06:39,Rozrywka
Mężczyzna,61.0,Podstawowe,4985.64,21:48,08:03,Praca
Kobieta,18.0,Podstawowe,10559.17,06:14,14:43,Inne
Kobieta,44.0,Podstawowe,7348.39,17:12,23:58,Edukacja
Kobieta,68.0,Podstawowe,13367.11,08:06,10:03,Praca
Mężczyzna,56.0,Średnie,4682.86,08:24,11:46,Rozrywka
Mężczyzna,37.0,Podstawowe,8963.11,13:46,15:21,Rozrywka
Kobieta,22.0,Podstawowe,10138.13,08:31,11:06,Inne
Kobieta,29.0,Podstawowe,7767.68,27:51,05:31,Edukacja
Mężczyzna,63.0,Średnie,14918.45,16:45,18:32,Rozrywka
Kobieta,68.0,Wyższe,14174.59,06:03,13:53,Zakupy
Mężczyzna,31.0,Wyższe,4728.45,19:47,00:47,Inne
Kobieta,63.0,Średnie,6756.44,05:43,08:21,Zakupy
Kobieta,20.0,Podstawowe,12226.12,14:10,23:57,Praca
Kobieta,60.0,Podstawowe,5028.71,13:35,18:00,Zakupy
Mężczyzna,39.0,Podstawowe,11922.97,22:44,08:40,Edukacja
Mężczyzna,35.0,Średnie,13511.26,20:57,23:49,Rozrywka
Kobieta,44.0,Podstawowe,6082.22,18:00,23:52,Edukacja
Kobieta,22.0,Podstawowe,10468.89,23:09,01:48,Rozrywka
Kobieta,62.0,Wyższe,12265.78,20:36,01:03,Edukacja
Mężczyzna,26.0,Wyższe,12687.01,05:52,05:38,Zakupy
Mężczyzna,23.0,Wyższe,10624.55,13:20,17:10,Praca
Mężczyzna,52.0,Wyższe,4650.89,22:02,05:41,Zakupy
Mężczyzna,18.0,Średnie,5309.28,15:06,16:11,Zakupy
Kobieta,68.0,Podstawowe,9247.21,14:50,00:55,Inne
Mężczyzna,25.0,Podstawowe,6539.18,20:00,06:36,Inne
Mężczyzna,41.0,Średnie,9413.69,26:48,21:39,Praca
Mężczyzna,25.0,Średnie,12605.76,21:47,06:15,Edukacja
Kobieta,36.0,Wyższe,7885.3,18:39,01:02,Zakupy
Kobieta,32.0,,,,,
Kobieta,43.0,Wyższe,4336.33,17:26,23:53,Edukacja
Kobieta,23.0,Podstawowe,12487.4,12:38,19:58,Praca
Mężczyzna,64.0,Średnie,7538.06,20:51,22:33,Rozrywka
Mężczyzna,20.0,Podstawowe,7994.27,15:22,00:36,Edukacja
Kobieta,21.0,Podstawowe,4308.31,14:44,14:53,Edukacja
Mężczyzna,51.0,Podstawowe,11784.57,14:34,14:08,Edukacja
Mężczyzna,65.0,Podstawowe,3578.79,12:28,15:18,Praca
Kobieta,34.0,Podstawowe,8859.79,07:11,08:49,Praca
Mężczyzna,53.0,Średnie,3873.21,05:18,06:20,Inne
Mężczyzna,39.0,Wyższe,6292.55,08:21,13:12,Edukacja
Mężczyzna,69.0,Średnie,11598.71,23:47,09:45,Rozrywka
Kobieta,69.0,Wyższe,11591.37,10:15,20:48,Rozrywka
Kobieta,38.0,Podstawowe,6477.64,07:03,16:22,Inne
Mężczyzna,36.0,Podstawowe,8912.18,14:16,20:21,Inne
Kobieta,57.0,Wyższe,9780.02,17:46,23:58,Praca
Mężczyzna,65.0,Podstawowe,14305.59,12:50,20:57,Praca
Kobieta,70.0,Podstawowe,11059.87,23:16,12:37,Rozrywka
Kobieta,24.0,Wyższe,5914.61,06:59,15:21,Praca
Mężczyzna,30.0,Średnie,8422.85,14:37,15:10,Praca
Mężczyzna,48.0,Wyższe,5175.33,08:27,16:00,Rozrywka
Mężczyzna,59.0,Podstawowe,10736.0,18:55,20:01,Inne
Mężczyzna,48.0,Wyższe,13752.44,12:10,16:19,Inne
Kobieta,61.0,Podstawowe,8667.27,19:11,,Zakupy
Kobieta,67.0,Średnie,13346.31,15:01,16:30,Rozrywka
Kobieta,65.0,Średnie,11478.27,28:48,21:56,Praca
Mężczyzna,42.0,Wyższe,8144.84,10:36,10:46,Inne
Kobieta,31.0,Wyższe,5510.4,05:15,16:05,Edukacja
Mężczyzna,19.0,Wyższe,11285.24,08:10,16:59,Edukacja
Mężczyzna,65.0,Średnie,14667.8,16:03,01:40,Zakupy
Mężczyzna,41.0,Średnie,3078.5,11:19,13:20,Inne
Mężczyzna,68.0,Wyższe,14842.98,08:36,14:57,Zakupy
Mężczyzna,24.0,Średnie,7675.24,23:11,03:17,Praca
Kobieta,58.0,Wyższe,13032.32,22:20,22:16,Inne
,22.0,Wyższe,12415.7,10:57,15:30,Zakupy
Mężczyzna,40.0,Wyższe,14793.29,18:41,04:48,Edukacja
Mężczyzna,65.0,Podstawowe,5938.37,10:46,11:24,Rozrywka
Mężczyzna,53.0,Średnie,10167.15,19:17,23:24,Inne
Mężczyzna,49.0,Podstawowe,11771.2,12:29,20:01,Rozrywka
Kobieta,65.0,Średnie,3510.32,05:55,08:36,Inne
Kobieta,68.0,Podstawowe,9594.89,21:09,03:09,Rozrywka
Mężczyzna,42.0,Średnie,10283.1,16:46,20:50,Edukacja
Mężczyzna,20.0,Wyższe,6601.3,08:46,15:02,Inne
Mężczyzna,55.0,Wyższe,4536.46,06:51,07:44,Inne
Kobieta,53.0,Średnie,9635.69,10:31,19:49,Edukacja
Mężczyzna,18.0,Wyższe,9427.95,05:02,06:15,Zakupy
Kobieta,20.0,Średnie,14025.13,15:42,19:50,Inne
Kobieta,37.0,Wyższe,5024.58,21:40,04:52,Praca
Mężczyzna,30.0,Wyższe,10248.44,23:53,07:30,Zakupy
Mężczyzna,64.0,Podstawowe,11740.06,21:35,05:03,Inne
Kobieta,26.0,Podstawowe,14043.94,07:52,09:46,Inne
Kobieta,49.0,Wyższe,7878.65,14:12,15:07,Edukacja
Mężczyzna,29.0,Średnie,7519.93,06:51,08:30,Edukacja
Mężczyzna,53.0,Wyższe,12186.64,06:42,12:43,Edukacja
Kobieta,37.0,Średnie,3673.75,11:20,16:58,Inne
Kobieta,64.0,Średnie,5428.29,22:55,09:57,Inne
Mężczyzna,48.0,Wyższe,3627.5,16:52,19:05,Zakupy
Kobieta,47.0,Podstawowe,3303.69,19:16,00:21,
Mężczyzna,34.0,Średnie,5325.56,13:22,17:22,Zakupy
,,,14208.76,15:40,,
Mężczyzna,44.0,Podstawowe,3158.75,11:33,17:34,Edukacja
Kobieta,39.0,Średnie,5087.83,15:14,04:00,Praca
Kobieta,46.0,Wyższe,8971.96,18:06,02:41,Praca
Kobieta,64.0,Średnie,7661.44,16:56,21:48,Rozrywka
Kobieta,69.0,Wyższe,11354.52,15:23,00:56,Rozrywka
Mężczyzna,34.0,Wyższe,7404.22,11:40,17:42,Rozrywka
Kobieta,68.0,Średnie,9741.32,22:56,00:18,Zakupy
Mężczyzna,23.0,Średnie,14596.3,10:08,13:07,Edukacja
Mężczyzna,63.0,Podstawowe,11527.78,08:44,18:23,Rozrywka
Mężczyzna,29.0,Średnie,13459.6,09:52,10:14,Edukacja
Mężczyzna,21.0,Wyższe,11348.71,07:55,13:08,Edukacja
Kobieta,33.0,Wyższe,3945.5,23:07,10:33,Inne
Kobieta,21.0,Średnie,8422.76,21:06,00:50,Edukacja
Kobieta,34.0,Wyższe,3708.8,13:26,23:39,Inne
Mężczyzna,59.0,Podstawowe,10186.48,08:55,09:53,Praca
Mężczyzna,32.0,Średnie,12496.01,15:25,22:26,Edukacja
Mężczyzna,21.0,Podstawowe,11909.92,22:36,23:07,Inne
Mężczyzna,30.0,Średnie,6300.33,07:52,17:52,Praca
Kobieta,21.0,Podstawowe,12145.2,08:50,09:59,Inne
Mężczyzna,45.0,Podstawowe,14437.93,15:12,18:50,Edukacja
Kobieta,27.0,Wyższe,3560.65,15:58,16:38,
Kobieta,41.0,Średnie,6614.94,15:00,23:47,Praca
Mężczyzna,35.0,Średnie,3857.28,15:56,18:36,Edukacja
Kobieta,41.0,Wyższe,,18:13,18:08,Inne
Mężczyzna,37.0,Wyższe,14437.13,21:38,21:49,Zakupy
Mężczyzna,38.0,Średnie,3262.44,09:49,11:01,Rozrywka
Mężczyzna,43.0,Wyższe,11589.08,15:13,00:12,Zakupy
Kobieta,59.0,Średnie,4279.43,11:48,21:46,Inne
Mężczyzna,40.0,Wyższe,7414.57,12:07,14:41,Praca
Kobieta,58.0,Podstawowe,7275.83,22:10,00:45,Rozrywka
Kobieta,67.0,Podstawowe,5545.12,16:13,16:56,Zakupy
Kobieta,61.0,Wyższe,12242.57,17:56,03:46,Inne
Kobieta,46.0,,13133.92,16:31,01:37,Inne
Kobieta,35.0,Podstawowe,11461.13,17:25,18:01,Edukacja
Kobieta,24.0,Wyższe,5652.73,07:59,13:35,Praca
Mężczyzna,54.0,Wyższe,13015.08,17:30,00:39,Rozrywka
Kobieta,58.0,Wyższe,9365.86,05:19,10:27,Zakupy
Kobieta,33.0,Średnie,4587.87,09:22,11:19,Rozrywka
Kobieta,54.0,Średnie,5513.13,16:11,20:42,Rozrywka
Kobieta,56.0,Średnie,8228.65,17:29,19:26,Praca
Mężczyzna,56.0,Podstawowe,11227.16,07:13,08:37,Edukacja
Kobieta,56.0,Podstawowe,13958.02,08:06,08:28,Zakupy
Kobieta,49.0,Podstawowe,14296.68,18:50,03:34,Edukacja
Mężczyzna,67.0,Średnie,14663.27,22:16,05:31,Inne
Mężczyzna,61.0,Wyższe,7252.31,21:19,10:00,Praca
Kobieta,64.0,Wyższe,13262.1,13:39,18:23,Praca
Mężczyzna,29.0,Podstawowe,14582.11,13:26,15:33,Edukacja
Mężczyzna,38.0,Średnie,13601.73,09:00,18:01,Praca
Kobieta,21.0,Podstawowe,5121.5,06:57,06:55,Edukacja
Mężczyzna,26.0,Wyższe,3773.4,16:45,18:24,Rozrywka
Kobieta,49.0,Podstawowe,5364.99,07:12,11:39,Edukacja
Mężczyzna,23.0,Średnie,8798.43,17:04,20:38,Zakupy
Mężczyzna,39.0,,11474.95,20:38,04:57,Zakupy
Mężczyzna,47.0,Średnie,12026.25,16:05,01:11,Edukacja
Kobieta,70.0,Wyższe,3993.26,05:54,12:21,Zakupy
Kobieta,61.0,,3747.07,19:35,22:40,Praca
Kobieta,37.0,Podstawowe,10793.68,14:47,23:27,Rozrywka
Mężczyzna,66.0,Wyższe,5220.55,20:24,02:43,Edukacja
Kobieta,18.0,Wyższe,10565.82,23:20,03:40,Praca
Kobieta,69.0,Wyższe,12571.28,17:54,20:03,Praca
Kobieta,65.0,Podstawowe,12767.05,09:20,16:03,Rozrywka
Kobieta,54.0,Wyższe,12796.07,07:45,14:27,Praca
Kobieta,31.0,Wyższe,11871.55,16:56,21:30,Inne
Mężczyzna,60.0,Średnie,5790.55,14:11,15:49,Zakupy
Mężczyzna,34.0,Podstawowe,7877.36,18:17,20:26,Praca
Kobieta,44.0,Wyższe,12920.81,17:04,21:54,Praca
Mężczyzna,47.0,Wyższe,3586.66,12:09,22:51,Praca
Mężczyzna,32.0,Wyższe,9927.79,20:19,05:16,Inne
Mężczyzna,40.0,Podstawowe,13530.1,05:49,05:46,Rozrywka
Mężczyzna,22.0,Średnie,4215.88,17:40,23:23,Praca
Mężczyzna,47.0,Średnie,6350.7,05:40,08:26,Praca
Mężczyzna,,,,,07:05,
Kobieta,68.0,Wyższe,12384.86,19:28,04:03,Inne
Kobieta,32.0,Średnie,3572.58,10:01,18:41,Inne
Kobieta,18.0,Podstawowe,5536.19,21:30,07:11,Edukacja
Mężczyzna,60.0,Wyższe,11063.44,21:51,01:27,Edukacja
Kobieta,,Podstawowe,14519.17,27:55,00:12,Zakupy
Kobieta,47.0,Podstawowe,4772.83,18:34,20:35,Zakupy
Mężczyzna,68.0,Średnie,13171.18,17:12,02:14,Edukacja
Mężczyzna,27.0,Podstawowe,13415.88,12:49,15:45,Praca
Mężczyzna,20.0,Średnie,3751.39,06:56,09:54,Zakupy
Kobieta,53.0,Średnie,10834.63,13:11,16:42,Praca
Kobieta,24.0,Wyższe,11486.0,11:55,22:48,Inne
Mężczyzna,67.0,Wyższe,5930.87,19:06,22:41,Praca
Mężczyzna,24.0,Podstawowe,11181.49,10:21,19:19,Zakupy
Mężczyzna,33.0,Średnie,9044.56,23:38,01:22,Inne
Mężczyzna,52.0,Podstawowe,7419.7,22:47,23:50,Zakupy
Kobieta,52.0,Średnie,11940.14,14:20,18:31,Rozrywka
Kobieta,37.0,Podstawowe,10191.41,17:30,20:45,Edukacja
Mężczyzna,47.0,Podstawowe,9333.29,23:20,09:28,Zakupy
Mężczyzna,39.0,Wyższe,8310.12,15:52,15:10,Rozrywka
Kobieta,32.0,Średnie,3444.52,14:31,18:34,Inne
Kobieta,68.0,Wyższe,4536.1,14:52,20:00,Inne
Kobieta,25.0,Podstawowe,11693.64,18:06,22:37,Rozrywka
Kobieta,41.0,Wyższe,3589.06,13:30,22:03,Inne
Mężczyzna,,,,10:00,,
Mężczyzna,56.0,Średnie,12146.85,05:26,05:59,Edukacja
Kobieta,44.0,Średnie,14418.31,12:40,12:25,Rozrywka
Kobieta,52.0,Wyższe,14909.77,18:34,00:26,Praca
Kobieta,48.0,Średnie,3715.0,14:04,14:30,Inne
Kobieta,63.0,Wyższe,5435.58,14:55,21:53,Zakupy
Kobieta,52.0,Wyższe,3528.57,07:12,18:29,Edukacja
Kobieta,19.0,Średnie,4403.06,23:09,05:57,Edukacja
Kobieta,49.0,Średnie,4438.4,11:12,16:25,Praca
Mężczyzna,33.0,Podstawowe,4115.21,17:57,00:42,Rozrywka
Mężczyzna,63.0,,,,,
Kobieta,42.0,Podstawowe,13075.17,13:19,23:05,Rozrywka
Mężczyzna,21.0,Podstawowe,14384.16,14:13,17:44,Inne
Mężczyzna,33.0,Wyższe,7297.55,09:10,12:48,Zakupy
Mężczyzna,66.0,Wyższe,11093.25,05:16,13:54,Edukacja
Mężczyzna,38.0,Podstawowe,8137.56,12:01,22:10,Zakupy
Mężczyzna,38.0,Średnie,6486.22,16:54,20:30,Edukacja
Mężczyzna,65.0,Podstawowe,11243.32,26:15,04:26,Edukacja
Mężczyzna,33.0,Wyższe,5885.37,05:01,09:59,Rozrywka
Kobieta,37.0,Podstawowe,7272.14,13:21,20:21,Zakupy
Kobieta,60.0,Wyższe,3881.6,16:17,16:51,Zakupy
Kobieta,69.0,Wyższe,10577.35,22:12,22:29,Inne
Kobieta,42.0,Podstawowe,13328.42,,10:14,Praca
Mężczyzna,52.0,Średnie,6652.75,23:45,23:31,Rozrywka
Mężczyzna,42.0,Podstawowe,3487.36,09:02,13:43,Praca
Kobieta,37.0,Średnie,11862.72,20:55,20:46,Edukacja
Kobieta,27.0,Wyższe,11737.57,21:46,02:07,Rozrywka
Mężczyzna,63.0,Wyższe,7135.03,05:48,13:19,Zakupy
Mężczyzna,41.0,Podstawowe,6530.51,12:07,14:30,Edukacja
Mężczyzna,22.0,Wyższe,6037.91,13:14,23:38,Zakupy
Mężczyzna,42.0,Podstawowe,3495.27,08:56,17:20,Praca
Mężczyzna,38.0,Podstawowe,7664.29,08:47,19:38,Praca
Kobieta,52.0,Podstawowe,7577.48,14:52,01:19,Zakupy
Mężczyzna,65.0,Podstawowe,14271.87,07:57,09:44,Zakupy
Kobieta,64.0,Wyższe,4057.75,09:59,09:15,Edukacja
Mężczyzna,46.0,Wyższe,4614.24,23:04,10:48,Rozrywka
Kobieta,70.0,Wyższe,11689.49,16:03,03:05,Zakupy
Mężczyzna,41.0,Średnie,13521.13,06:58,16:22,Inne
Kobieta,21.0,Podstawowe,5196.63,05:07,14:33,Praca
Mężczyzna,55.0,Wyższe,13793.53,07:51,18:41,Inne
Mężczyzna,48.0,Średnie,8595.35,08:30,15:16,Inne
Kobieta,36.0,Podstawowe,13920.79,14:31,18:27,Praca
,,,,11:30,14:39,
Mężczyzna,34.0,Średnie,13995.04,21:43,07:24,Edukacja
Kobieta,19.0,Podstawowe,10321.54,14:16,21:36,Praca
Mężczyzna,23.0,Wyższe,14092.11,15:00,16:00,Zakupy
Mężczyzna,70.0,Podstawowe,6632.02,22:35,09:56,Zakupy
Kobieta,46.0,Podstawowe,8337.76,15:08,15:35,Rozrywka
Kobieta,61.0,Wyższe,5620.48,08:24,18:27,Edukacja
Kobieta,30.0,Wyższe,13797.32,12:43,20:29,Praca
Mężczyzna,26.0,Podstawowe,3684.13,20:44,01:31,Rozrywka
Mężczyzna,43.0,Średnie,7952.13,14:06,22:32,Zakupy
Kobieta,51.0,Wyższe,5627.65,17:04,17:41,Rozrywka
Kobieta,54.0,Wyższe,5236.84,06:40,10:27,Zakupy
Mężczyzna,30.0,Wyższe,11310.83,13:51,21:47,Inne
Mężczyzna,52.0,Średnie,11989.38,16:22,17:35,Inne
Kobieta,27.0,Wyższe,5160.64,22:04,00:04,Praca
Mężczyzna,33.0,Wyższe,13558.83,10:58,17:47,Edukacja
Kobieta,51.0,Średnie,13753.36,20:24,05:40,Rozrywka
Mężczyzna,43.0,Średnie,10592.54,15:59,01:08,Edukacja
Mężczyzna,26.0,Podstawowe,14334.19,22:32,08:08,Rozrywka
Kobieta,65.0,Wyższe,6517.83,07:28,20:04,Zakupy
Kobieta,19.0,Wyższe,9620.79,10:31,17:02,Edukacja
Kobieta,43.0,Podstawowe,12900.85,11:07,13:56,Edukacja
Kobieta,40.0,Średnie,13310.62,14:39,19:44,Praca
Mężczyzna,25.0,Średnie,9054.37,06:54,08:04,Rozrywka
Kobieta,22.0,Podstawowe,3874.11,16:20,16:28,Rozrywka
Kobieta,29.0,Średnie,6070.49,09:01,11:38,Zakupy
Mężczyzna,54.0,Wyższe,5605.69,18:24,03:50,Rozrywka
Kobieta,68.0,Średnie,8609.41,14:52,21:14,Inne
Kobieta,63.0,Podstawowe,6280.19,18:49,03:49,Zakupy
Mężczyzna,48.0,Średnie,6123.47,06:37,06:03,Praca
Mężczyzna,26.0,Wyższe,13827.97,14:28,22:51,Rozrywka
Mężczyzna,66.0,Wyższe,3406.24,19:01,05:15,Edukacja
Mężczyzna,42.0,Wyższe,11886.83,22:42,05:25,Rozrywka
Kobieta,25.0,Średnie,10329.02,12:01,12:25,Edukacja
Kobieta,57.0,Średnie,12563.49,20:16,07:08,Rozrywka
Kobieta,68.0,Średnie,11053.73,10:36,11:42,Edukacja
Mężczyzna,25.0,Średnie,5242.67,09:31,19:44,Praca
Kobieta,70.0,Średnie,6439.26,19:43,02:39,Inne
Mężczyzna,66.0,Średnie,11458.23,12:09,23:03,Praca
Mężczyzna,59.0,Średnie,5760.51,10:55,15:39,Edukacja
Mężczyzna,69.0,Podstawowe,9696.75,14:55,22:14,Rozrywka
Mężczyzna,20.0,Średnie,13736.53,09:04,13:09,Edukacja
Mężczyzna,49.0,Podstawowe,12047.87,08:59,12:47,Zakupy
Mężczyzna,62.0,Wyższe,11765.23,07:27,08:07,Praca
Kobieta,70.0,Średnie,9277.79,11:14,12:10,Praca
Mężczyzna,25.0,Podstawowe,13266.36,13:10,17:41,Rozrywka
Mężczyzna,22.0,Średnie,12846.12,05:03,10:39,Zakupy
Kobieta,53.0,Podstawowe,7046.67,21:44,07:03,Praca
Mężczyzna,67.0,Podstawowe,8781.9,19:47,01:17,Praca
Mężczyzna,32.0,Średnie,11270.16,13:47,23:23,Inne
Mężczyzna,61.0,Podstawowe,3921.34,16:50,18:08,Rozrywka
Mężczyzna,69.0,Wyższe,12709.71,18:37,04:27,Inne
Mężczyzna,67.0,Wyższe,4725.75,23:00,09:17,Rozrywka
Mężczyzna,20.0,Średnie,10448.81,18:41,20:13,Edukacja
Kobieta,23.0,Wyższe,5942.81,11:31,12:27,Inne
Mężczyzna,55.0,Średnie,12102.79,08:04,19:12,Rozrywka
Kobieta,64.0,Średnie,7545.96,23:59,08:11,Rozrywka
Kobieta,36.0,Średnie,14143.28,,09:14,Zakupy
Kobieta,43.0,Średnie,3745.3,21:15,22:29,Edukacja
Kobieta,28.0,Podstawowe,8113.84,20:37,21:57,Edukacja
Mężczyzna,61.0,Podstawowe,10970.51,09:07,14:20,Zakupy
Kobieta,68.0,Podstawowe,12397.16,14:20,16:10,Edukacja
Kobieta,20.0,Średnie,8816.34,14:41,16:08,Rozrywka
Kobieta,28.0,Wyższe,3713.69,05:55,12:00,Zakupy
Mężczyzna,56.0,Średnie,11694.3,20:39,21:59,Rozrywka
Mężczyzna,68.0,Średnie,8203.94,18:08,23:44,Inne
Kobieta,53.0,Średnie,6695.82,06:15,09:55,Rozrywka
Mężczyzna,21.0,Podstawowe,6221.69,21:26,22:48,Rozrywka
Kobieta,66.0,Wyższe,8206.77,23:13,08:56,Edukacja
Kobieta,18.0,Średnie,14279.97,19:47,23:57,Praca
Kobieta,30.0,Średnie,13603.3,07:21,09:12,Rozrywka
Kobieta,54.0,Średnie,14463.8,17:59,01:23,Rozrywka
Mężczyzna,60.0,Średnie,8006.39,06:58,10:50,Inne
Mężczyzna,67.0,Średnie,11496.86,07:34,11:45,Inne
Mężczyzna,27.0,Średnie,13920.35,23:25,03:08,Praca
Mężczyzna,20.0,Średnie,8636.65,21:02,23:07,Edukacja
Mężczyzna,53.0,Wyższe,8699.21,07:43,18:13,
Mężczyzna,41.0,Podstawowe,5174.74,20:59,20:41,Praca
Mężczyzna,69.0,Podstawowe,11711.0,19:59,03:19,Edukacja
Kobieta,25.0,Wyższe,5003.98,15:26,23:54,Inne
Mężczyzna,18.0,Podstawowe,10859.94,22:49,07:04,Zakupy
Mężczyzna,66.0,Wyższe,6318.65,12:01,20:19,Praca
Mężczyzna,46.0,Średnie,10604.64,17:08,02:37,Rozrywka
Kobieta,66.0,Wyższe,7863.83,13:11,23:41,Edukacja
Kobieta,69.0,Wyższe,11927.06,13:26,21:09,Inne
Mężczyzna,69.0,Podstawowe,9075.87,23:26,06:32,Rozrywka
Kobieta,56.0,Podstawowe,8887.53,08:48,09:50,Inne
Kobieta,67.0,Wyższe,6372.89,20:49,23:51,Inne
Mężczyzna,51.0,Podstawowe,9955.91,19:42,23:50,Rozrywka
Kobieta,52.0,Wyższe,5608.23,10:37,13:38,Zakupy
Kobieta,69.0,Średnie,11369.09,10:38,18:28,Inne
Kobieta,26.0,Wyższe,6934.27,11:05,15:28,Rozrywka
Kobieta,55.0,Podstawowe,8462.11,11:06,18:56,Inne
Mężczyzna,58.0,Wyższe,10649.05,21:50,06:55,Inne
Kobieta,33.0,Podstawowe,12204.55,19:03,19:43,Inne
Kobieta,27.0,Średnie,4165.17,21:19,23:06,Edukacja
Kobieta,58.0,Średnie,,09:16,09:05,Zakupy
Kobieta,30.0,Podstawowe,13031.34,08:01,15:41,Zakupy
Mężczyzna,70.0,Podstawowe,3536.54,07:54,07:20,Inne
Mężczyzna,68.0,Średnie,5539.61,23:30,01:54,Praca
Mężczyzna,48.0,Podstawowe,6969.95,05:34,11:35,Rozrywka
Kobieta,53.0,Podstawowe,7738.43,07:38,09:40,Inne
Mężczyzna,66.0,Podstawowe,9449.42,23:22,03:36,Zakupy
Kobieta,30.0,Wyższe,7978.45,23:33,07:49,Rozrywka
Mężczyzna,21.0,Średnie,9354.71,18:57,01:10,Praca
Kobieta,29.0,Średnie,11492.19,08:26,08:13,Rozrywka
Mężczyzna,54.0,Podstawowe,12962.2,16:13,20:28,Praca
Kobieta,46.0,Podstawowe,9799.09,23:17,02:11,Praca
Mężczyzna,40.0,Wyższe,13832.82,16:32,21:00,Inne
Mężczyzna,57.0,Wyższe,11811.23,10:30,19:38,Edukacja
Kobieta,18.0,Średnie,5324.29,22:34,22:29,Rozrywka
Kobieta,58.0,Wyższe,7453.68,22:31,23:23,Praca
Mężczyzna,,Wyższe,5424.66,13:31,14:55,Inne
Kobieta,38.0,Średnie,8758.4,,20:29,Rozrywka
Kobieta,59.0,Podstawowe,10549.82,15:11,00:55,Edukacja
Kobieta,28.0,Wyższe,3784.94,08:46,15:40,Inne
Kobieta,62.0,Wyższe,8847.84,13:52,23:47,Praca
Kobieta,69.0,Podstawowe,5710.1,21:31,02:12,Zakupy
Mężczyzna,41.0,Podstawowe,3599.2,07:19,15:25,Praca
Mężczyzna,32.0,Podstawowe,9940.13,11:20,13:24,Rozrywka
Mężczyzna,20.0,Podstawowe,14915.22,21:37,06:19,Zakupy
Kobieta,38.0,Średnie,14096.98,10:50,21:39,Edukacja
Kobieta,19.0,Wyższe,8588.12,21:26,22:00,Rozrywka
Mężczyzna,56.0,Wyższe,12327.95,11:42,21:47,Edukacja
Kobieta,30.0,Podstawowe,3811.98,06:53,08:01,Inne
Kobieta,24.0,Podstawowe,5872.01,07:42,16:34,Edukacja
Kobieta,58.0,Podstawowe,8752.67,23:17,06:02,Rozrywka
Mężczyzna,40.0,Wyższe,12219.71,08:49,08:37,Praca
Mężczyzna,56.0,Wyższe,12664.3,16:44,19:00,Rozrywka
Kobieta,33.0,Wyższe,13592.18,15:38,01:26,Inne
Kobieta,31.0,Wyższe,7170.57,13:50,15:05,Rozrywka
Mężczyzna,40.0,Wyższe,7913.83,10:59,17:27,Inne
Mężczyzna,49.0,Średnie,9523.61,17:04,20:15,Edukacja
Kobieta,52.0,Wyższe,4262.34,17:10,17:21,Zakupy
Mężczyzna,20.0,Podstawowe,14460.38,,04:29,Inne
Kobieta,34.0,Średnie,14729.65,14:06,00:39,Inne
Mężczyzna,61.0,Wyższe,8241.2,15:11,01:26,Inne
Mężczyzna,30.0,Podstawowe,6586.9,19:52,04:05,Inne
Kobieta,55.0,Wyższe,11643.33,30:36,21:02,Inne
Mężczyzna,24.0,Podstawowe,8640.47,09:14,09:33,Praca
Kobieta,53.0,Średnie,6297.92,19:44,00:35,Edukacja
Mężczyzna,44.0,Wyższe,8012.6,10:19,14:27,Rozrywka
Kobieta,70.0,Średnie,12171.04,14:49,19:29,Praca
Kobieta,21.0,Wyższe,14419.54,18:10,23:00,Zakupy
Kobieta,34.0,Podstawowe,9668.85,19:04,19:34,Inne
Mężczyzna,31.0,Średnie,11776.05,05:38,15:28,Edukacja
Kobieta,22.0,Podstawowe,14246.85,23:59,00:08,Zakupy
Kobieta,27.0,Średnie,5448.34,19:38,05:40,Edukacja
Kobieta,34.0,Wyższe,9670.91,08:05,15:45,Inne
Mężczyzna,70.0,Podstawowe,3335.22,09:43,15:32,Edukacja
Mężczyzna,48.0,Średnie,11886.56,09:49,17:42,Zakupy
Mężczyzna,47.0,Wyższe,7216.41,11:00,13:47,Inne
Kobieta,41.0,Wyższe,13651.64,11:49,13:47,Rozrywka
Kobieta,27.0,Podstawowe,5317.49,08:54,12:48,Inne
Kobieta,25.0,Wyższe,6854.25,17:30,22:39,Praca
,,Średnie,,,05:45,
Mężczyzna,50.0,Wyższe,13605.74,05:02,09:08,
Kobieta,62.0,Średnie,8098.89,09:02,09:30,Rozrywka
Mężczyzna,32.0,Wyższe,14813.2,11:11,15:02,Praca
Mężczyzna,29.0,Średnie,11900.62,09:32,14:02,Praca
Mężczyzna,65.0,Wyższe,10012.95,17:30,02:37,Praca
Kobieta,34.0,Podstawowe,3782.79,08:39,15:54,Praca
Kobieta,63.0,Wyższe,7037.82,10:30,16:04,Edukacja
Kobieta,50.0,Średnie,7934.6,14:44,18:39,Edukacja
Mężczyzna,62.0,Średnie,14309.18,10:05,20:06,
Kobieta,33.0,Podstawowe,5433.71,22:56,22:32,Praca
Mężczyzna,61.0,Wyższe,6412.4,22:09,03:07,Rozrywka
Kobieta,21.0,Wyższe,11327.42,08:06,11:43,Praca
Kobieta,21.0,Podstawowe,13759.82,07:56,10:28,Edukacja
Mężczyzna,22.0,Wyższe,7506.29,14:56,17:17,Rozrywka
Mężczyzna,42.0,Wyższe,13773.8,11:39,19:14,Inne
Kobieta,67.0,Podstawowe,6223.02,19:33,02:11,Praca
Kobieta,36.0,Wyższe,9813.22,15:46,23:12,Praca
Mężczyzna,55.0,Podstawowe,13476.08,17:19,23:15,Zakupy
Mężczyzna,22.0,Wyższe,3938.76,27:39,02:33,Inne
Mężczyzna,24.0,Wyższe,6604.06,11:35,19:04,Praca
Kobieta,40.0,Średnie,5768.51,14:07,16:28,Rozrywka
Kobieta,37.0,Wyższe,3592.43,16:50,03:17,Zakupy
Kobieta,65.0,Średnie,9082.04,19:59,01:19,Praca
Kobieta,32.0,Średnie,13248.86,07:31,09:50,Zakupy
Kobieta,22.0,Wyższe,11205.24,14:40,20:00,Zakupy
Kobieta,31.0,Wyższe,6506.14,23:15,04:43,Edukacja
Kobieta,30.0,Wyższe,13362.08,12:15,20:31,Inne
Mężczyzna,41.0,Średnie,3983.53,10:56,18:02,Inne
Kobieta,48.0,Średnie,11981.42,20:15,03:51,Praca
Kobieta,55.0,Średnie,7479.68,18:36,21:24,Praca
Mężczyzna,56.0,Wyższe,9549.38,10:47,20:37,Inne
Kobieta,41.0,Wyższe,11488.64,16:49,21:44,Zakupy
Mężczyzna,52.0,Średnie,11278.82,11:17,12:02,Rozrywka
Kobieta,55.0,Podstawowe,6921.1,15:51,16:12,Inne
Kobieta,55.0,Wyższe,13497.28,22:01,06:48,Edukacja
Kobieta,50.0,Wyższe,7681.6,20:08,22:11,Rozrywka
Kobieta,52.0,Podstawowe,6737.33,22:18,06:50,Praca
Mężczyzna,50.0,Wyższe,3343.07,27:36,19:36,Inne
Mężczyzna,29.0,Średnie,5882.34,16:11,22:05,Inne
Kobieta,63.0,Wyższe,8385.41,22:56,01:46,Rozrywka
Kobieta,30.0,Podstawowe,8499.77,20:12,00:52,Rozrywka
Mężczyzna,37.0,Wyższe,9528.41,06:27,07:53,Inne
Mężczyzna,41.0,,6456.5,16:24,17:15,Inne
Mężczyzna,32.0,Podstawowe,13839.33,09:33,17:26,Rozrywka
Kobieta,33.0,Podstawowe,3708.09,09:57,18:35,Inne
Kobieta,62.0,Średnie,6990.29,17:14,02:28,Praca
Kobieta,52.0,Wyższe,6459.92,19:26,19:39,Praca
Kobieta,63.0,Wyższe,13616.64,16:08,22:39,Rozrywka
Kobieta,54.0,Podstawowe,14138.99,18:18,22:18,Praca
Mężczyzna,21.0,Podstawowe,11187.28,13:30,17:53,Zakupy
Kobieta,70.0,Wyższe,,20:00,04:23,Zakupy
Kobieta,53.0,Średnie,11934.67,19:30,22:00,Zakupy
Kobieta,62.0,Podstawowe,11999.09,07:14,07:42,Praca
Mężczyzna,64.0,Podstawowe,3823.7,13:54,13:05,Zakupy
Mężczyzna,18.0,Średnie,6745.89,22:42,07:53,Edukacja
Kobieta,60.0,Średnie,10029.05,20:07,01:56,Rozrywka
Mężczyzna,41.0,Wyższe,11372.18,11:01,19:43,Rozrywka
Kobieta,44.0,Podstawowe,12958.96,21:54,22:29,Praca
Kobieta,32.0,Wyższe,6744.22,11:15,17:08,Inne
Mężczyzna,26.0,Podstawowe,13538.84,22:42,09:14,Praca
Mężczyzna,53.0,Średnie,3402.74,05:12,05:01,Inne
Mężczyzna,36.0,Podstawowe,6233.74,20:51,22:27,Praca
Kobieta,62.0,Średnie,10380.49,18:13,02:08,Rozrywka
Mężczyzna,40.0,Podstawowe,11933.32,23:56,04:29,Praca
Kobieta,66.0,Podstawowe,3162.4,21:32,08:30,Edukacja
Mężczyzna,30.0,Średnie,11317.92,06:12,12:24,Zakupy
,21.0,Podstawowe,9595.35,07:33,10:06,Zakupy
Mężczyzna,58.0,Podstawowe,12824.08,19:49,02:41,Praca
Kobieta,50.0,Wyższe,5271.57,23:09,05:20,Rozrywka
Mężczyzna,36.0,Podstawowe,6248.81,08:44,14:14,Inne
Kobieta,67.0,Średnie,6810.62,20:38,06:12,Praca
Kobieta,41.0,Wyższe,6275.59,17:27,19:13,Edukacja
Mężczyzna,69.0,Podstawowe,9082.66,09:50,18:33,Edukacja
Mężczyzna,22.0,Podstawowe,14628.03,06:39,17:37,Rozrywka
Mężczyzna,40.0,Wyższe,9582.15,08:27,14:07,Rozrywka
Kobieta,21.0,Podstawowe,9863.62,22:27,01:34,Zakupy
Kobieta,42.0,Podstawowe,8308.65,08:38,19:03,Edukacja
Kobieta,33.0,Wyższe,6389.96,13:55,20:13,Zakupy
Kobieta,18.0,Wyższe,5697.28,15:29,17:18,Praca
Kobieta,49.0,Wyższe,9108.2,21:39,04:17,Praca
Mężczyzna,47.0,Wyższe,12509.76,19:14,02:37,
Kobieta,25.0,Średnie,8665.11,07:32,13:08,Edukacja
Mężczyzna,57.0,Podstawowe,5486.91,19:57,20:08,Praca
Kobieta,44.0,Średnie,12707.87,10:06,16:50,Praca
Mężczyzna,67.0,Podstawowe,4109.98,23:46,00:14,Edukacja
Mężczyzna,39.0,Średnie,9271.85,19:53,03:33,Edukacja
Mężczyzna,34.0,Wyższe,11447.57,15:20,04:11,Edukacja
Kobieta,24.0,Podstawowe,14154.66,16:31,19:36,Rozrywka
Mężczyzna,69.0,Średnie,11485.24,13:25,18:53,Praca
Kobieta,48.0,Podstawowe,5675.62,05:31,09:46,Rozrywka
Kobieta,49.0,Podstawowe,10166.76,17:37,06:22,Praca
Mężczyzna,19.0,Średnie,12702.74,17:03,20:04,Edukacja
Mężczyzna,62.0,Podstawowe,8011.77,12:19,16:22,Zakupy
Kobieta,70.0,Podstawowe,12554.57,23:25,06:42,Zakupy
Mężczyzna,43.0,Podstawowe,11469.46,10:17,14:21,Zakupy
Mężczyzna,29.0,Średnie,6330.38,18:53,03:00,Edukacja
Mężczyzna,54.0,Podstawowe,6691.59,12:04,19:45,Edukacja
Kobieta,39.0,Podstawowe,7168.44,16:36,03:34,Inne
Kobieta,42.0,Wyższe,5760.84,16:26,17:21,Praca
Kobieta,30.0,Podstawowe,7178.53,12:15,19:11,Zakupy
Mężczyzna,19.0,Podstawowe,9353.71,14:45,18:50,Rozrywka
Mężczyzna,60.0,Podstawowe,3090.5,13:01,21:51,Praca
Kobieta,61.0,Średnie,11310.88,09:26,20:06,Praca
Kobieta,26.0,Podstawowe,7257.03,10:24,15:43,Inne
Mężczyzna,58.0,Wyższe,8424.64,05:39,06:01,Zakupy
Kobieta,31.0,Podstawowe,13919.17,06:54,09:23,Rozrywka
Mężczyzna,65.0,Wyższe,5143.56,15:44,15:54,Praca
Mężczyzna,24.0,Średnie,5674.49,11:12,17:26,Edukacja
Kobieta,62.0,Wyższe,14235.24,09:21,09:56,Zakupy
Kobieta,51.0,Wyższe,9070.27,20:10,05:39,Zakupy
Mężczyzna,26.0,Podstawowe,5745.11,12:50,13:06,Zakupy
Kobieta,34.0,Wyższe,12321.17,21:15,01:44,Inne
Mężczyzna,25.0,Średnie,3854.33,17:27,23:54,Edukacja
Mężczyzna,58.0,Średnie,5566.23,21:06,00:03,Rozrywka
Mężczyzna,53.0,Wyższe,6909.12,19:27,01:34,Praca
Mężczyzna,59.0,Podstawowe,12233.14,14:12,21:10,Inne
Kobieta,65.0,Wyższe,9680.23,10:58,11:08,Edukacja
Kobieta,46.0,Podstawowe,4617.16,14:37,03:01,Praca
Kobieta,40.0,Wyższe,8750.0,14:10,19:08,Praca
Kobieta,55.0,Podstawowe,11293.56,05:08,07:57,Zakupy
Mężczyzna,70.0,Podstawowe,9767.57,19:35,19:59,Rozrywka
Mężczyzna,47.0,Wyższe,14959.49,16:36,00:41,Zakupy
Kobieta,27.0,Średnie,7155.13,16:31,01:07,Inne
Kobieta,62.0,Podstawowe,13679.43,10:04,20:41,Praca
Kobieta,40.0,Średnie,13661.15,08:47,17:04,
Kobieta,48.0,Podstawowe,12452.79,06:35,13:05,Rozrywka
Mężczyzna,50.0,Podstawowe,12157.55,14:40,16:40,Inne
,43.0,,,,,Inne
Mężczyzna,34.0,Średnie,10674.24,14:41,18:56,Rozrywka
Mężczyzna,67.0,Podstawowe,13656.11,06:47,14:03,Rozrywka
Mężczyzna,63.0,Wyższe,13857.01,11:25,19:23,Edukacja
Kobieta,19.0,Wyższe,6906.7,12:23,19:52,Praca
Kobieta,69.0,Średnie,3961.84,11:53,11:49,Zakupy
Mężczyzna,57.0,Podstawowe,11662.34,14:50,23:07,Rozrywka
Kobieta,40.0,Wyższe,13281.05,06:10,16:24,Inne
Kobieta,41.0,Średnie,7705.67,09:48,15:30,Rozrywka
Kobieta,42.0,Średnie,11973.46,22:40,03:05,Rozrywka
Kobieta,49.0,Wyższe,8014.88,22:18,06:28,Praca
Kobieta,47.0,Wyższe,7774.86,22:12,03:47,Rozrywka
Kobieta,31.0,Średnie,12543.06,23:00,08:46,Inne
Kobieta,,Wyższe,3869.07,09:44,19:27,Praca
Kobieta,23.0,Podstawowe,3592.57,15:26,01:35,Rozrywka
Kobieta,54.0,Podstawowe,8801.41,19:36,01:14,Rozrywka
Mężczyzna,24.0,Podstawowe,11168.3,11:13,20:20,Rozrywka
Kobieta,56.0,Podstawowe,7874.68,05:43,14:15,Edukacja
Kobieta,53.0,Średnie,7103.9,10:52,13:17,Inne
Kobieta,49.0,Podstawowe,10046.22,18:59,02:11,Inne
Mężczyzna,68.0,Średnie,11471.94,05:14,15:39,Rozrywka
Mężczyzna,18.0,Średnie,9297.93,27:01,15:36,Rozrywka
Kobieta,59.0,Średnie,11576.76,17:19,00:29,Praca
Kobieta,32.0,Podstawowe,14741.75,06:10,10:41,Rozrywka
Mężczyzna,,Podstawowe,8369.66,10:50,18:28,Praca
Mężczyzna,32.0,Podstawowe,9444.31,08:36,,Inne
Mężczyzna,37.0,Wyższe,4807.64,20:57,00:58,Rozrywka
Kobieta,51.0,Podstawowe,4570.83,17:55,17:25,Inne
Mężczyzna,44.0,Podstawowe,6138.99,14:37,17:18,Edukacja
Mężczyzna,57.0,Podstawowe,3786.74,10:01,10:27,Zakupy
Mężczyzna,50.0,Średnie,10770.68,16:32,03:40,Edukacja
Mężczyzna,57.0,Podstawowe,3534.26,18:13,18:29,Zakupy
Mężczyzna,70.0,Wyższe,8101.28,06:27,15:04,Inne
Mężczyzna,50.0,Podstawowe,14030.14,14:46,23:27,Rozrywka
Kobieta,69.0,,,,,
Kobieta,30.0,Wyższe,11844.02,07:17,09:36,Praca
Mężczyzna,18.0,Podstawowe,4843.1,09:40,19:47,Praca
Mężczyzna,33.0,Średnie,12488.06,05:56,14:55,Inne
Mężczyzna,54.0,Podstawowe,3069.04,07:34,13:02,Zakupy
Kobieta,58.0,Wyższe,8937.93,23:55,01:04,Rozrywka
Kobieta,47.0,Podstawowe,12808.57,08:00,15:01,Praca
Mężczyzna,35.0,Wyższe,11053.44,05:45,12:22,Edukacja
Kobieta,63.0,Wyższe,8695.38,22:32,02:09,Zakupy
Mężczyzna,26.0,Wyższe,14703.45,21:54,00:18,Praca
Kobieta,18.0,Średnie,7770.15,18:46,21:27,Inne
Kobieta,55.0,Podstawowe,4057.37,14:32,22:21,Inne
Mężczyzna,49.0,Podstawowe,5153.36,19:45,19:07,Zakupy
Kobieta,54.0,Podstawowe,10828.33,18:59,18:49,Inne
Mężczyzna,30.0,Wyższe,7360.06,06:50,12:15,Inne
Mężczyzna,26.0,Wyższe,10599.28,23:40,10:54,Edukacja
Kobieta,22.0,Średnie,4763.82,08:59,08:42,Praca
Mężczyzna,67.0,Wyższe,14982.39,13:19,14:16,Rozrywka
Kobieta,61.0,Średnie,10530.29,23:33,08:32,Rozrywka
Kobieta,19.0,Podstawowe,3332.46,12:24,18:15,Zakupy
Mężczyzna,63.0,Średnie,13204.18,06:18,09:59,Praca
Kobieta,52.0,Średnie,13483.25,15:12,23:33,Edukacja
Kobieta,22.0,Podstawowe,11075.05,23:10,01:04,Rozrywka
Kobieta,20.0,Średnie,3290.07,11:40,16:05,Praca
Kobieta,47.0,Podstawowe,7099.29,05:03,15:13,Praca
Kobieta,37.0,Podstawowe,3160.72,18:56,23:59,Inne
Kobieta,42.0,Wyższe,8106.05,22:41,03:51,Praca
Kobieta,32.0,Wyższe,12062.53,23:55,06:28,Edukacja
Mężczyzna,30.0,Wyższe,14043.72,06:41,14:20,Inne
Kobieta,40.0,Wyższe,10721.8,05:18,12:57,Zakupy
Kobieta,36.0,Wyższe,10241.45,05:13,06:59,Praca
Mężczyzna,67.0,Średnie,13562.27,14:52,21:34,Rozrywka
Kobieta,21.0,Średnie,9831.58,23:08,23:26,Edukacja
Mężczyzna,52.0,Podstawowe,7631.46,18:50,20:54,Rozrywka
Mężczyzna,19.0,Podstawowe,12153.54,05:03,12:34,Rozrywka
Mężczyzna,67.0,Podstawowe,11779.31,20:51,05:43,Inne
Mężczyzna,49.0,Wyższe,11857.29,18:13,19:23,Zakupy
Kobieta,25.0,Wyższe,14197.41,12:31,20:43,Edukacja
Kobieta,29.0,Wyższe,10104.86,22:53,06:11,Praca
Kobieta,54.0,Średnie,8238.35,05:02,05:55,Rozrywka
Kobieta,32.0,Wyższe,6966.19,08:24,15:14,Inne
Kobieta,25.0,Wyższe,7948.16,07:21,17:56,Inne
Mężczyzna,48.0,Średnie,14004.55,,12:02,Praca
Kobieta,62.0,Wyższe,8995.94,10:46,18:01,Rozrywka
Kobieta,24.0,Podstawowe,6529.25,23:39,06:19,Inne
Mężczyzna,26.0,Wyższe,6137.38,08:57,10:03,Zakupy
Kobieta,34.0,Średnie,4244.41,11:55,18:03,Inne
